{
  "eval_loss": 0.40249648690223694,
  "eval_accuracy": 0.8650447305258564,
  "eval_macro_f1": 0.8673893101767586,
  "eval_runtime": 90.4468,
  "eval_samples_per_second": 608.048,
  "eval_steps_per_second": 9.508,
  "epoch": 3.0
}